{"cameraMode":{"drawMode":0,"name":"Shaded","section":"Shading Mode"},"sceneLighting":false,"audioPlay":false,"sceneViewState":{"showFog":true,"showMaterialUpdate":false,"showSkybox":false,"showFlares":true,"showImageEffects":true,"showParticleSystems":true},"in2DMode":false,"pivot":{"x":348.4284973144531,"y":331.48370361328127,"z":311.3555908203125},"rotation":{"x":-0.07658622413873673,"y":0.06187451258301735,"z":-0.004761957563459873,"w":-0.995130181312561},"size":753.9482421875,"orthographic":false}