{"cameraMode":{"drawMode":0,"name":"Shaded","section":"Shading Mode"},"sceneLighting":true,"audioPlay":false,"sceneViewState":{"showFog":true,"showMaterialUpdate":false,"showSkybox":true,"showFlares":true,"showImageEffects":true,"showParticleSystems":true},"in2DMode":false,"pivot":{"x":1.5721700191497803,"y":0.6724103689193726,"z":1.3926680088043213},"rotation":{"x":-0.12940941751003266,"y":0.8013224601745606,"z":-0.187463641166687,"w":-0.5531678795814514},"size":2.405609607696533,"orthographic":false}