{"cameraMode":{"drawMode":0,"name":"Shaded","section":"Shading Mode"},"sceneLighting":false,"audioPlay":false,"sceneViewState":{"showFog":true,"showMaterialUpdate":false,"showSkybox":false,"showFlares":true,"showImageEffects":true,"showParticleSystems":true},"in2DMode":false,"pivot":{"x":857.4580078125,"y":-30.95462989807129,"z":76.05157470703125},"rotation":{"x":-0.003281873185187578,"y":0.12923415005207063,"z":-0.0004276572144590318,"w":-0.9916089773178101},"size":268.6005554199219,"orthographic":false}