{"cameraMode":{"drawMode":0,"name":"Shaded","section":"Shading Mode"},"sceneLighting":false,"audioPlay":false,"sceneViewState":{"showFog":true,"showMaterialUpdate":false,"showSkybox":false,"showFlares":true,"showImageEffects":true,"showParticleSystems":true},"in2DMode":false,"pivot":{"x":293.3607482910156,"y":-10.40301513671875,"z":22.2667236328125},"rotation":{"x":-0.09607842564582825,"y":-0.04119923710823059,"z":0.00398019514977932,"w":-0.9945130348205566},"size":1549.4132080078125,"orthographic":false}