{"cameraMode":{"drawMode":0,"name":"Shaded","section":"Shading Mode"},"sceneLighting":true,"audioPlay":false,"sceneViewState":{"showFog":true,"showMaterialUpdate":false,"showSkybox":true,"showFlares":true,"showImageEffects":true,"showParticleSystems":true},"in2DMode":false,"pivot":{"x":10506.560546875,"y":222.7216796875,"z":7.429481506347656},"rotation":{"x":-0.0015656223986297846,"y":-0.9984107613563538,"z":0.04376789554953575,"w":-0.03566668555140495},"size":2.165058135986328,"orthographic":false}