{"cameraMode":{"drawMode":0,"name":"Shaded","section":"Shading Mode"},"sceneLighting":true,"audioPlay":false,"sceneViewState":{"showFog":true,"showMaterialUpdate":false,"showSkybox":true,"showFlares":true,"showImageEffects":true,"showParticleSystems":true},"in2DMode":false,"pivot":{"x":3.21649169921875,"y":81.6450424194336,"z":982.53271484375},"rotation":{"x":0.033140383660793307,"y":-0.09878905862569809,"z":0.0032940891105681659,"w":0.9945584535598755},"size":1626.9422607421875,"orthographic":false}