{"cameraMode":{"drawMode":0,"name":"Shaded","section":"Shading Mode"},"sceneLighting":false,"audioPlay":false,"sceneViewState":{"showFog":true,"showMaterialUpdate":false,"showSkybox":false,"showFlares":true,"showImageEffects":true,"showParticleSystems":true},"in2DMode":false,"pivot":{"x":1.899999976158142,"y":0.23999999463558198,"z":10.699999809265137},"rotation":{"x":0.004009015392512083,"y":-0.5522004961967468,"z":0.00265711871907115,"w":0.8337053060531616},"size":22.0,"orthographic":false}