{"cameraMode":{"drawMode":0,"name":"Shaded","section":"Shading Mode"},"sceneLighting":false,"audioPlay":false,"sceneViewState":{"showFog":true,"showMaterialUpdate":false,"showSkybox":false,"showFlares":true,"showImageEffects":true,"showParticleSystems":true},"in2DMode":false,"pivot":{"x":364.875,"y":250.5343017578125,"z":37.392730712890628},"rotation":{"x":0.005690372083336115,"y":-0.000587657792493701,"z":-0.000003423612042752211,"w":-0.9999849796295166},"size":325.9151611328125,"orthographic":false}