{"cameraMode":{"drawMode":0,"name":"Shaded","section":"Shading Mode"},"sceneLighting":true,"audioPlay":false,"sceneViewState":{"showFog":true,"showMaterialUpdate":false,"showSkybox":true,"showFlares":true,"showImageEffects":true,"showParticleSystems":true},"in2DMode":false,"pivot":{"x":50501.06640625,"y":222.94619750976563,"z":12.247900009155274},"rotation":{"x":0.01196676678955555,"y":-0.870143473148346,"z":0.02115759067237377,"w":0.49221092462539675},"size":11.604673385620118,"orthographic":false}