{"cameraMode":{"drawMode":0,"name":"Shaded","section":"Shading Mode"},"sceneLighting":false,"audioPlay":false,"sceneViewState":{"showFog":true,"showMaterialUpdate":false,"showSkybox":false,"showFlares":true,"showImageEffects":true,"showParticleSystems":true},"in2DMode":false,"pivot":{"x":317.7010498046875,"y":195.5035858154297,"z":3.014862060546875},"rotation":{"x":-0.008685567416250706,"y":0.0329882986843586,"z":0.00028886969084851444,"w":0.9994253516197205},"size":512.2720336914063,"orthographic":false}