{"cameraMode":{"drawMode":0,"name":"Shaded","section":"Shading Mode"},"sceneLighting":false,"audioPlay":false,"sceneViewState":{"showFog":true,"showMaterialUpdate":false,"showSkybox":false,"showFlares":true,"showImageEffects":true,"showParticleSystems":true},"in2DMode":false,"pivot":{"x":360.337158203125,"y":87.38359069824219,"z":1.001861572265625},"rotation":{"x":-0.008685567416250706,"y":0.0329882986843586,"z":0.00028886969084851444,"w":0.9994253516197205},"size":419.2176208496094,"orthographic":false}