{"cameraMode":{"drawMode":0,"name":"Shaded","section":"Shading Mode"},"sceneLighting":true,"audioPlay":false,"sceneViewState":{"showFog":true,"showMaterialUpdate":false,"showSkybox":true,"showFlares":true,"showImageEffects":true,"showParticleSystems":true},"in2DMode":false,"pivot":{"x":506.562255859375,"y":222.57009887695313,"z":7.518310546875},"rotation":{"x":-0.1773095279932022,"y":-0.07725518941879273,"z":0.013963062316179276,"w":-0.9810198545455933},"size":558.7861328125,"orthographic":false}