{"cameraMode":{"drawMode":0,"name":"Shaded","section":"Shading Mode"},"sceneLighting":true,"audioPlay":false,"sceneViewState":{"showFog":true,"showMaterialUpdate":false,"showSkybox":true,"showFlares":true,"showImageEffects":true,"showParticleSystems":true},"in2DMode":false,"pivot":{"x":40507.30078125,"y":222.4121551513672,"z":9.014053344726563},"rotation":{"x":0.004009015392512083,"y":-0.5522004961967468,"z":0.00265711871907115,"w":0.8337053060531616},"size":1.5436241626739503,"orthographic":false}