{"cameraMode":{"drawMode":0,"name":"Shaded","section":"Shading Mode"},"sceneLighting":true,"audioPlay":false,"sceneViewState":{"showFog":true,"showMaterialUpdate":false,"showSkybox":true,"showFlares":true,"showImageEffects":true,"showParticleSystems":true},"in2DMode":false,"pivot":{"x":397.39703369140627,"y":72.16275024414063,"z":508.65875244140627},"rotation":{"x":-0.1773095279932022,"y":-0.07725518941879273,"z":0.013963062316179276,"w":-0.9810198545455933},"size":1194.756103515625,"orthographic":false}