{"cameraMode":{"drawMode":0,"name":"Shaded","section":"Shading Mode"},"sceneLighting":true,"audioPlay":false,"sceneViewState":{"showFog":true,"showMaterialUpdate":false,"showSkybox":true,"showFlares":true,"showImageEffects":true,"showParticleSystems":true},"in2DMode":false,"pivot":{"x":477.5831298828125,"y":229.42965698242188,"z":-31.221710205078126},"rotation":{"x":-0.1773095279932022,"y":-0.07725518941879273,"z":0.013963062316179276,"w":-0.9810198545455933},"size":633.5032958984375,"orthographic":false}