{"cameraMode":{"drawMode":0,"name":"Shaded","section":"Shading Mode"},"sceneLighting":true,"audioPlay":false,"sceneViewState":{"showFog":true,"showMaterialUpdate":false,"showSkybox":true,"showFlares":true,"showImageEffects":true,"showParticleSystems":true},"in2DMode":false,"pivot":{"x":30506.560546875,"y":222.6279754638672,"z":7.345006465911865},"rotation":{"x":-0.0015656223986297846,"y":-0.9984107613563538,"z":0.04376789554953575,"w":-0.03566668555140495},"size":1.940314769744873,"orthographic":false}